epoch,time,train/box_loss,train/cls_loss,train/dfl_loss,train/angle_loss,metrics/precision(B),metrics/recall(B),metrics/mAP50(B),metrics/mAP50-95(B),val/box_loss,val/cls_loss,val/dfl_loss,val/angle_loss,lr/pg0,lr/pg1,lr/pg2
1,13.182,1.31459,3.52718,1.37134,0.07382,0.82848,0.0789,0.08789,0.06595,0.87895,1.92792,1.01301,0.01842,0.000250508,0.000250508,0.000250508
2,21.9373,0.89663,1.25527,0.95392,0.01698,0.54752,0.26575,0.22427,0.17035,0.82678,0.98656,0.93643,0.01294,0.000496805,0.000496805,0.000496805
3,30.4399,0.80301,0.95096,0.90432,0.01405,0.44989,0.38089,0.32683,0.2611,0.66347,0.76418,0.87607,0.01106,0.000732953,0.000732953,0.000732953
4,39.0404,0.76665,0.82683,0.87725,0.01252,0.46089,0.50641,0.39912,0.3069,0.71714,0.73918,0.87414,0.01039,0.000723321,0.000723321,0.000723321
5,47.6203,0.72623,0.75763,0.86842,0.01135,0.5174,0.48029,0.42244,0.32899,0.712,0.71993,0.87283,0.00933,0.000708095,0.000708095,0.000708095
6,56.3071,0.71352,0.72134,0.86256,0.01061,0.56175,0.45638,0.47847,0.38141,0.61088,0.62468,0.84775,0.00877,0.000692869,0.000692869,0.000692869
7,64.7803,0.68918,0.68366,0.86124,0.0101,0.48015,0.53613,0.47781,0.38254,0.59187,0.60001,0.84844,0.00758,0.000677643,0.000677643,0.000677643
8,73.2835,0.68536,0.66365,0.8554,0.00921,0.44435,0.52438,0.4771,0.38127,0.59788,0.59957,0.84959,0.00784,0.000662417,0.000662417,0.000662417
9,81.871,0.66823,0.64229,0.85205,0.00924,0.50563,0.52754,0.52135,0.4259,0.59256,0.6263,0.84572,0.00724,0.00064719,0.00064719,0.00064719
10,90.4239,0.66767,0.62827,0.84804,0.00878,0.62702,0.58824,0.59424,0.48386,0.56896,0.54426,0.83945,0.00707,0.000631964,0.000631964,0.000631964
11,99.1006,0.65862,0.601,0.8461,0.0087,0.65475,0.60313,0.6303,0.51817,0.57285,0.53066,0.84167,0.00684,0.000616738,0.000616738,0.000616738
12,107.651,0.66049,0.60338,0.84267,0.00896,0.61375,0.60454,0.62546,0.50985,0.60366,0.55837,0.84722,0.00607,0.000601512,0.000601512,0.000601512
13,116.185,0.65074,0.5908,0.84444,0.00822,0.61688,0.62427,0.60657,0.49536,0.57712,0.55976,0.84194,0.00641,0.000586286,0.000586286,0.000586286
14,124.769,0.6375,0.58246,0.84447,0.00788,0.63014,0.69394,0.66405,0.54466,0.551,0.52148,0.83537,0.00653,0.000571059,0.000571059,0.000571059
15,133.33,0.62739,0.56408,0.84174,0.00844,0.6724,0.6439,0.66842,0.54737,0.57508,0.52734,0.83958,0.00603,0.000555833,0.000555833,0.000555833
16,141.919,0.63012,0.56765,0.83881,0.00774,0.65742,0.67674,0.67583,0.55756,0.56656,0.52657,0.83549,0.00632,0.000540607,0.000540607,0.000540607
17,150.468,0.61579,0.54597,0.83789,0.00783,0.71343,0.69318,0.75036,0.61848,0.54317,0.48278,0.83562,0.00592,0.000525381,0.000525381,0.000525381
18,159.073,0.61708,0.54473,0.83585,0.00737,0.69053,0.68803,0.74114,0.61058,0.53879,0.48845,0.83399,0.00587,0.000510155,0.000510155,0.000510155
19,167.577,0.61491,0.53859,0.84012,0.00745,0.66506,0.70046,0.70073,0.57889,0.55231,0.51802,0.83487,0.00549,0.000494928,0.000494928,0.000494928
20,176.136,0.60561,0.53527,0.83182,0.00687,0.69678,0.64641,0.71758,0.59363,0.5646,0.51593,0.83717,0.00566,0.000479702,0.000479702,0.000479702
21,184.603,0.61451,0.53764,0.83374,0.00743,0.69568,0.67391,0.73544,0.60527,0.57192,0.50472,0.83712,0.00549,0.000464476,0.000464476,0.000464476
22,193.189,0.60412,0.52181,0.83248,0.0067,0.67298,0.79748,0.78108,0.64253,0.54897,0.4814,0.83381,0.00558,0.00044925,0.00044925,0.00044925
23,201.782,0.59227,0.50857,0.83615,0.00725,0.76565,0.71739,0.78021,0.64808,0.53487,0.4585,0.83129,0.00549,0.000434024,0.000434024,0.000434024
24,210.345,0.5978,0.5171,0.8349,0.00677,0.79669,0.64633,0.77849,0.64605,0.54199,0.48974,0.83342,0.00512,0.000418797,0.000418797,0.000418797
25,218.884,0.5925,0.50492,0.83255,0.00662,0.77523,0.73296,0.78014,0.64553,0.53788,0.47414,0.83328,0.0053,0.000403571,0.000403571,0.000403571
26,227.435,0.59887,0.50198,0.82585,0.00704,0.79259,0.72366,0.79858,0.66131,0.52953,0.469,0.83118,0.00493,0.000388345,0.000388345,0.000388345
27,236.061,0.5924,0.49856,0.82696,0.00726,0.80412,0.74767,0.78063,0.64584,0.5295,0.46434,0.82797,0.00517,0.000373119,0.000373119,0.000373119
28,244.631,0.58475,0.49398,0.82541,0.00674,0.82882,0.78786,0.82533,0.68856,0.51656,0.4389,0.82475,0.00504,0.000357893,0.000357893,0.000357893
29,253.273,0.58803,0.49088,0.82841,0.0067,0.81829,0.74956,0.81243,0.68199,0.5173,0.45781,0.82687,0.00473,0.000342666,0.000342666,0.000342666
30,261.891,0.58424,0.48256,0.82772,0.0066,0.82017,0.78973,0.83522,0.69566,0.52677,0.43741,0.82827,0.00462,0.00032744,0.00032744,0.00032744
31,270.555,0.57624,0.47392,0.82736,0.00678,0.83474,0.76853,0.82253,0.68805,0.51945,0.44068,0.82571,0.00461,0.000312214,0.000312214,0.000312214
32,279.128,0.58008,0.47677,0.82663,0.0068,0.86398,0.75535,0.84316,0.7029,0.51712,0.43875,0.82431,0.00506,0.000296988,0.000296988,0.000296988
33,287.715,0.57977,0.48198,0.8226,0.00679,0.85029,0.79047,0.84322,0.70628,0.51689,0.43602,0.82417,0.00462,0.000281762,0.000281762,0.000281762
34,296.243,0.56628,0.46264,0.82625,0.00614,0.87129,0.75024,0.84033,0.70144,0.52181,0.43304,0.8258,0.00438,0.000266535,0.000266535,0.000266535
35,304.808,0.57387,0.46694,0.82201,0.00664,0.83566,0.74904,0.81584,0.6855,0.51778,0.44689,0.82274,0.00458,0.000251309,0.000251309,0.000251309
36,313.393,0.56904,0.46715,0.8222,0.00655,0.86368,0.78723,0.84432,0.70707,0.51829,0.43412,0.82286,0.00462,0.000236083,0.000236083,0.000236083
37,321.931,0.55896,0.45865,0.82222,0.006,0.848,0.74808,0.82846,0.68685,0.54568,0.44722,0.82865,0.00433,0.000220857,0.000220857,0.000220857
38,330.478,0.55385,0.4557,0.81848,0.00581,0.87168,0.77514,0.84244,0.70466,0.51499,0.43065,0.82404,0.00455,0.000205631,0.000205631,0.000205631
39,339.071,0.55952,0.4541,0.82208,0.00618,0.86433,0.813,0.86536,0.72973,0.49814,0.40949,0.8241,0.00395,0.000190404,0.000190404,0.000190404
40,347.67,0.55324,0.44512,0.82069,0.00598,0.87294,0.79448,0.86024,0.72614,0.49794,0.4182,0.82252,0.00406,0.000175178,0.000175178,0.000175178
41,357.884,0.52021,0.42642,0.8337,0.00514,0.8096,0.79005,0.84359,0.70498,0.52095,0.43372,0.82424,0.00424,0.000159952,0.000159952,0.000159952
42,366.093,0.51656,0.40726,0.82794,0.00531,0.86199,0.79588,0.85584,0.72036,0.51436,0.41486,0.82278,0.00432,0.000144726,0.000144726,0.000144726
43,374.332,0.50014,0.40061,0.83004,0.00474,0.85132,0.81046,0.8576,0.72554,0.50586,0.41391,0.82358,0.00425,0.0001295,0.0001295,0.0001295
44,382.543,0.50225,0.39497,0.83064,0.0047,0.87806,0.76582,0.83654,0.69601,0.53519,0.4352,0.82764,0.00434,0.000114273,0.000114273,0.000114273
45,390.735,0.49971,0.39164,0.83001,0.00467,0.8774,0.77242,0.85384,0.72048,0.5209,0.4172,0.82493,0.00423,9.90472e-05,9.90472e-05,9.90472e-05
46,398.925,0.49568,0.38863,0.82488,0.00476,0.8665,0.78659,0.85633,0.71942,0.51766,0.41571,0.82435,0.00435,8.3821e-05,8.3821e-05,8.3821e-05
47,407.095,0.49281,0.38858,0.82612,0.00463,0.87048,0.7985,0.8524,0.71461,0.52376,0.42029,0.82418,0.00407,6.85948e-05,6.85948e-05,6.85948e-05
48,415.286,0.4844,0.37555,0.82799,0.00443,0.87347,0.8191,0.87265,0.73488,0.49317,0.3943,0.82016,0.00424,5.33686e-05,5.33686e-05,5.33686e-05
49,423.514,0.49708,0.38417,0.82898,0.00487,0.88576,0.80124,0.86275,0.72975,0.50856,0.40598,0.82273,0.00416,3.81424e-05,3.81424e-05,3.81424e-05
50,431.746,0.48691,0.38269,0.82805,0.00465,0.88316,0.80547,0.86477,0.73386,0.50312,0.4077,0.82211,0.00412,2.29162e-05,2.29162e-05,2.29162e-05
