id,width,height
v_01tp2eyell_0001,1920,1080
v_03ah598sio_0049,1920,1080
v_06xnbcrtte_0021,1920,1080
v_09gpsv2mc8_0047,1920,1080
v_0mp55gehz5_0012,1920,1080
v_0ofnytwerz_0020,1920,1080
v_0s8cb4es83_0018,1920,1080
v_0sv121zlkj_0027,1920,1080
v_13rzcztzn2_0010,1920,1080
v_1c93se7f7c_0044,1920,1080
v_1kkn624m4y_0006,1920,1080
v_1ofto9j5rr_0021,1920,1080
v_1rfeli831e_0008,1920,1080
v_1ucfougfdq_0027,1920,1080
v_1us0n1cwou_0010,1920,1080
v_1v3nchg0m1_0026,1920,1080
v_1wmgtwhmba_0043,1920,1080
v_1zk4d2a7w3_0005,1920,1080
v_2a14i95fb1_0047,1920,1080
v_2dxvvipomi_0041,1920,1080
v_2fmgjnh78z_0001,1920,1080
v_2phx07m2il_0043,1920,1080
v_2qw29fl407_0021,1920,1080
v_2xxuzy5797_0030,1920,1080
v_30pmnl0zcr_0017,1920,1080
v_35qs647kgf_0037,1920,1080
v_37qg2grbx8_0035,1920,1080
v_38e4ejn0c6_0048,1920,1080
v_3cfwxaw23f_0047,1920,1080
v_3hu5i340rr_0037,1920,1080
v_3mx8i4vo8k_0012,1920,1080
v_3qiyfyeqir_0005,1920,1080
v_3tpe0xom25_0009,1920,1080
v_3u1ern1dd8_0038,1920,1080
v_3vf73dh5d4_0013,1920,1080
v_3w49zw27sc_0042,1920,1080
v_3yzj8nkhg0_0026,1920,1080
v_435yrh9pf3_0017,1920,1080
v_4j4yizs3uu_0023,1920,1080
v_4jida6kigm_0027,1920,1080
v_4lwre1hk2i_0029,1920,1080
v_4ojx5e4a1n_0010,1920,1080
v_5acfgb7ua0_0024,1920,1080
v_5ror9vxsrx_0021,1920,1080
v_5zheze2kjr_0009,1920,1080
v_64iij3aqe0_0015,1920,1080
v_66ok51q8hd_0028,1920,1080
v_682q2k39tj_0001,1920,1080
v_6m3wu0tbtk_0018,1920,1080
v_6q1ipw9aoq_0024,1920,1080
v_6qbarag8up_0024,1920,1080
v_6wcpy7t3rr_0003,1920,1080
v_6wikobtfep_0027,1920,1080
v_6xppovrd26_0020,1920,1080
v_6yirhqbjkd_0007,1920,1080
v_6zh07uddes_0033,1920,1080
v_78pyb8w7m2_0014,1920,1080
v_7d29jccltt_0044,1920,1080
v_7sg36mgmvg_0021,1920,1080
v_7zs7ujez77_0049,1920,1080
v_83ejx1er6e_0014,1920,1080
v_856x3vz6nf_0043,1920,1080
v_884t99ixr1_0029,1920,1080
v_8l3pjgmlfr_0038,1920,1080
v_8o5bv9l6le_0010,1920,1080
v_8pihfsoz2l_0023,1920,1080
v_8x4x1xg6lj_0036,1920,1080
v_92oo8js7ly_0045,1920,1080
v_961gu1h6l9_0001,1920,1080
v_97m20qsr8f_0001,1920,1080
v_9akff6lzqs_0030,1920,1080
v_9d4epmynqo_0011,1920,1080
v_9kc7xo3jmn_0008,1920,1080
v_9mpk7r4b5j_0040,1920,1080
v_9n7j8m0pig_0000,1920,1080
v_9rajf7c3b0_0042,1920,1080
v_9v4lxizqv8_0004,1920,1080
v_9xqv3vbd2n_0019,1920,1080
v_a0ls05cd51_0016,1920,1080
v_a0vwscsw6p_0008,1920,1080
v_aezq2v2os1_0028,1920,1080
v_afhs8e8chi_0000,1920,1080
v_ags40vgt6h_0011,1920,1080
v_ajl3wk2lc0_0022,1920,1080
v_at0nazxy83_0046,1920,1080
v_awslkgu4yp_0042,1920,1080
v_azsh7mr6fm_0031,1920,1080
v_b0ge2kn580_0017,1920,1080
v_b9y35x9ivz_0001,1920,1080
v_bapchxld41_0044,1920,1080
v_bgi9ktcgda_0033,1920,1080
v_bgyqee9f8k_0045,1920,1080
v_bh2crsapvm_0001,1920,1080
v_bkrnhozz15_0025,1920,1080
v_bn0q4d649g_0040,1920,1080
v_bzgxoanxvr_0049,1920,1080
v_c4o4wdri32_0021,1920,1080
v_c7gtxc0fr8_0032,1920,1080
v_cbg48cgm1n_0014,1920,1080
v_cbrd8irjjf_0046,1920,1080
v_cdn8rl7l9y_0014,1920,1080
v_cec6zlvav9_0038,1920,1080
v_chlul5xlyf_0048,1920,1080
v_cirth50shb_0007,1920,1080
v_ciugrp2o9m_0010,1920,1080
v_cmduq2oh71_0023,1920,1080
v_cqfmzef0io_0033,1920,1080
v_cvp7tdcwa2_0009,1920,1080
v_d93kakshvf_0010,1920,1080
v_daqso071ui_0023,1920,1080
v_dc11gl5xxe_0019,1920,1080
v_dehdpg976n_0030,1920,1080
v_dhcy4nqxmn_0028,1920,1080
v_dp3dwhfdws_0028,1920,1080
v_dp7u6lkn3b_0047,1920,1080
v_drmwv7yc7f_0014,1920,1080
v_dwrqjfch44_0047,1920,1080
v_eaq9flrq1l_0045,1920,1080
v_eav0w7vfia_0000,1920,1080
v_ebzysvwmau_0013,1920,1080
v_eea1grnl0f_0023,1920,1080
v_eegu44ulko_0029,1920,1080
v_ef3r28lnxa_0032,1920,1080
v_ef7bmdjv8u_0009,1920,1080
v_en1337d17s_0029,1920,1080
v_endcg53tby_0027,1920,1080
v_epabhznuqh_0026,1920,1080
v_ezo72gwc0x_0017,1920,1080
v_f1lh7z872p_0015,1920,1080
v_f2z13lvspo_0014,1920,1080
v_f8qy04g8r7_0032,1920,1080
v_fbwnufjbee_0042,1920,1080
v_fhb1u2nl2i_0022,1920,1080
v_fvlzadc8cr_0019,1920,1080
v_fvnjjs1zdp_0015,1920,1080
v_fw861t0iss_0048,1920,1080
v_fx5a3x4e3l_0032,1920,1080
v_fyo63znn4z_0018,1920,1080
v_g0w4h0n5lv_0008,1920,1080
v_g0zgqmhzgh_0028,1920,1080
v_g5ispywgbm_0011,1920,1080
v_g8n7gev0de_0027,1920,1080
v_ghbpt8zf27_0041,1920,1080
v_gig403rlnb_0029,1920,1080
v_gmx64gg2j7_0028,1920,1080
v_gowtdh4du4_0044,1920,1080
v_gur784uswy_0018,1920,1080
v_gv39eyu2it_0003,1920,1080
v_gvxtl15uol_0037,1920,1080
v_gz2ih75d5m_0027,1920,1080
v_h92ktj7wpi_0015,1920,1080
v_helcprhhci_0046,1920,1080
v_hf4wwzqpqn_0030,1920,1080
v_hh9febk2cz_0029,1920,1080
v_hp0fgwmq93_0046,1920,1080
v_hr8fepbf14_0031,1920,1080
v_i0q42z9wgi_0005,1920,1080
v_i1cg1t05hq_0041,1920,1080
v_i2bd4vwde7_0030,1920,1080
v_i41wbsiepr_0046,1920,1080
v_i6j2p8a7mw_0008,1920,1080
v_initl5umjd_0044,1920,1080
v_j4ipunq273_0017,1920,1080
v_j63s9yvulo_0046,1920,1080
v_jan9vil7e9_0038,1920,1080
v_jcwrohjewu_0016,1920,1080
v_jedkzia1gx_0024,1920,1080
v_jic85cuptx_0010,1920,1080
v_jjnsr5u9r0_0004,1920,1080
v_jk3ajckoy1_0014,1920,1080
v_jlm4the7d8_0027,1920,1080
v_jqyqscgn3u_0038,1920,1080
v_jubd7zkr5d_0019,1920,1080
v_k0507pril4_0043,1920,1080
v_k27cij6khm_0009,1920,1080
v_kb75zilx4a_0022,1920,1080
v_ke1pth6jke_0033,1920,1080
v_kl82trymp8_0019,1920,1080
v_kltit1l47h_0015,1920,1080
v_l80snfk4hi_0037,1920,1080
v_l87qohjefj_0036,1920,1080
v_lbwq14v3yi_0040,1920,1080
v_lk67j0ha5d_0040,1920,1080
v_lnz5vuvhh3_0048,1920,1080
v_lyruee6zx3_0003,1920,1080
v_m3cj8gi92l_0017,1920,1080
v_m5g2y8vh0d_0047,1920,1080
v_mbp49m4pdk_0037,1920,1080
v_mh5rq9z6do_0028,1920,1080
v_mvy5ar09ro_0013,1920,1080
v_n1syss296d_0015,1920,1080
v_n2pd1bhie3_0023,1920,1080
v_n3c9i6q2j2_0049,1920,1080
v_n5ls4wz3qs_0030,1920,1080
v_n7f0v4scts_0000,1920,1080
v_n897cnclxy_0007,1920,1080
v_njdxvi6q31_0026,1920,1080
v_nos5a59nd1_0028,1920,1080
v_nshmna89zd_0049,1920,1080
v_nxo50y3em6_0017,1920,1080
v_o081kolynu_0021,1920,1080
v_ogseyflsei_0017,1920,1080
v_oiye6mz0h7_0007,1920,1080
v_ombin10joq_0017,1920,1080
v_onwdxdo1bs_0035,1920,1080
v_orw9zvkgmm_0014,1920,1080
v_ovul7e0w8r_0028,1920,1080
v_ow21xl0j8b_0014,1920,1080
v_ox8c8upqpj_0031,1920,1080
v_oxn1ezy3cr_0001,1920,1080
v_p3goz5vvrj_0008,1920,1080
v_p95655ode0_0008,1920,1080
v_patj5eslks_0029,1920,1080
v_pbu8a4tco7_0001,1920,1080
v_pdb5up0n67_0008,1920,1080
v_pxbeekjz1j_0020,1920,1080
v_pybagppb4s_0014,1920,1080
v_q26jh92rlw_0043,1920,1080
v_q2wru9u253_0025,1920,1080
v_q2xw9bmkzp_0037,1920,1080
v_q4drgeylry_0007,1920,1080
v_qh610yk9yf_0048,1920,1080
v_qhoua2184j_0013,1920,1080
v_qnqoa748uc_0026,1920,1080
v_qzyxrmn7gg_0034,1920,1080
v_r0bgvj4nuz_0039,1920,1080
v_r1nrqpv36y_0004,1920,1080
v_r6tuihtpwu_0024,1920,1080
v_r8j0we04o9_0000,1920,1080
v_ra8sg41vpt_0010,1920,1080
v_rbpb03jmmz_0025,1920,1080
v_rdl3k590t8_0004,1920,1080
v_rpywb1td9g_0024,1920,1080
v_rrpcqktcpy_0037,1920,1080
v_rtb3r0rk90_0022,1920,1080
v_rtswqmqtv8_0035,1920,1080
v_ruccqn4bj4_0021,1920,1080
v_rw91i4tfyy_0001,1920,1080
v_rwkobi1oh0_0004,1920,1080
v_ry7797kbee_0044,1920,1080
v_s4pu77g6f4_0047,1920,1080
v_s7crh5bdy2_0011,1920,1080
v_s7o4fyc844_0038,1920,1080
v_slduobww75_0044,1920,1080
v_snkfiomqma_0036,1920,1080
v_t0rcxiuav0_0037,1920,1080
v_t6e5p362cw_0013,1920,1080
v_t8vcih7b0c_0048,1920,1080
v_tbf39o7or8_0029,1920,1080
v_tgr757fi0p_0018,1920,1080
v_tpa7f4x6rz_0016,1920,1080
v_tpm3wmkwl7_0022,1920,1080
v_tuyb2j2uk6_0019,1920,1080
v_u0dd9s6zum_0026,1920,1080
v_u47h4byhne_0044,1920,1080
v_u842awhaum_0012,1920,1080
v_u8lyja2jdb_0007,1920,1080
v_uhzhygtzwf_0034,1920,1080
v_uo0x6ym34a_0017,1920,1080
v_utut3z28ew_0047,1920,1080
v_uvlv5b63tq_0001,1920,1080
v_uwjq66lubl_0002,1920,1080
v_uwoyarulwo_0029,1920,1080
v_v7fxq3hdpk_0013,1920,1080
v_vcn6ydcvfw_0014,1920,1080
v_vcxc1bohus_0035,1920,1080
v_vfvr4l26i6_0010,1920,1080
v_vyo0osh1q5_0014,1920,1080
v_vzhmsl0kfn_0046,1920,1080
v_w1felxwdf3_0045,1920,1080
v_w84q90lc0d_0044,1920,1080
v_wgwtu9o904_0032,1920,1080
v_wj0fmte8s2_0000,1920,1080
v_wj7ufejqry_0030,1920,1080
v_ww2zjk1qm0_0006,1920,1080
v_x0p4fqfqs6_0019,1920,1080
v_x1s7wkzszm_0010,1920,1080
v_x7vnc140it_0020,1920,1080
v_x8dsc6pma4_0049,1920,1080
v_x8w1m7zdpk_0036,1920,1080
v_xdivdk2nee_0014,1920,1080
v_xeac18rgky_0029,1920,1080
v_xeyv9j7rgl_0018,1920,1080
v_xfuj81j2ca_0001,1920,1080
v_xkra7pkrmn_0035,1920,1080
v_xn5n2k0t7u_0007,1920,1080
v_xtupvcuike_0000,1920,1080
v_y0hgp5tlq6_0039,1920,1080
v_ycol9zsyzz_0026,1920,1080
v_yha9cvj460_0049,1920,1080
v_ykh3r5cksn_0001,1920,1080
v_ymd32fjhy8_0000,1920,1080
v_ywzpnf3fxa_0047,1920,1080
v_yzk20gnzmj_0048,1920,1080
v_yzrlq8qm5e_0011,1920,1080
v_zpnkbf6q4z_0048,1920,1080
v_zskoepk3hb_0000,1920,1080
v_ztz69akqyn_0006,1920,1080
v_zvs8l9rjhk_0049,1920,1080
v_zy9hnd8sgb_0036,1920,1080
